"first",Faint Images of the Radio Sky at Twenty cm (FIRST)
a1,HEAO 1 A1 X-Ray Source Catalog
a1point,HEAO 1 A1 Lightcurves
a2lcpoint,HEAO 1 A2 Pointed Lightcurves
a2lcscan,HEAO 1 A2 Scanned Lightcurves
a2led,HEAO 1 A2 LED Catalog
a2pic,HEAO 1 A2 Piccinotti Catalog
a2point,HEAO 1 A2 Pointing Catalog
a2rtraw,HEAO 1 A2 Raw Rates
a2specback,HEAO 1 A2 Spectra Background
a2spectra,HEAO 1 A2 Spectra
a3,HEAO 1 A3 MC LASS Catalog
a4,HEAO 1 A4 Catalog of High-Energy X-Ray Sources
a4spectra,HEAO 1 A4 Spectra
aavsovsx,AAVSO International Variable Star Index
abell,Abell Clusters
abellzcat,Abell Clusters Measured Redshifts Catalog
acceptcat,Archive of Chandra Cluster Entropy Profile Tables (ACCEPT) Catal
acrs,Astrographic Catalog of Reference Stars
actegsrcat,Atacama Cosmology Telescope 2008 Survey 148-GHz Extragalactic So
actmadcows,ACT Massive and Distant Clusters of WISE Survey (MaDCoWS) Candid
actsouth,Atacama Cosmology Telescope (ACT) Extragalactic Southern Sources
actssrcat,Atacama Cosmology Telescope 2008 Southern Survey 148/218 GHz Sou
actszclust,Atacama Cosmology Telescope DR5 Sunyaev-Zeldovich Cluster Catalo
aegis20,All-Wavelength Extended Groth Strip Int. Survey (AEGIS) VLA 20-c
aegis20id,All-Wavelength Extended Groth Strip Int. Survey (AEGIS) 20-cm Fu
aegisx,AEGIS-X Chandra Extended Groth Strip X-Ray Point Source Catalog
aegisxdcxo,AEGIS-X Deep Survey Chandra X-Ray Point Source Catalog
agilecat,First AGILE Catalog of High-Confidence Gamma-Ray Sources
agileupvar,Updated AGILE Catalog of Bright Gamma-Ray Sources and Variabilit
agnsdssxm2,Sloan Digital Sky Survey/XMM-Newton Type1 AGN X-Ray and Radio Pr
agnsdssxmm,Sloan Digital Sky Survey/XMM-Newton AGN Spectral Properties Cata
akaribsc,AKARI/FIS All-Sky Survey Bright Source Catalog, Version 1
akaripsc,AKARI/IRC All-Sky Survey Point Source Catalog, Version 1
aknepdfcxo,Akari North Ecliptic Pole Deep Field Chandra X-Ray Point Source
alfperxmm,Alpha Per Open Cluster XMM-Newton X-Ray Source Catalog
allwiseagn,AllWISE Catalog of Mid-IR AGNs
ami10c15gz,10C Survey at 15.7 GHz Radio Source Catalog
amigps16gh,AMI Galactic Plane Survey 16-GHz Source Catalog
ansuvpscat,ANS Ultraviolet Photometry Catalog of Point Sources
arcquincxo,Arches and Quintuplet Clusters Chandra X-Ray Point Source Catalo
ariel3a,3rd Ariel-V SSI Catalog
ariel5,Ariel V All-Sky Monitor
arxa,Atlas of Radio/X-Ray Associations (ARXA)
ascaegclus,ASCA Elliptical Galaxies and Galaxy Clusters Catalog
ascagis,ASCA GIS Source Catalog (AMSS-I + AMSS-II)
ascagps,ASCA Galactic Plane Survey of Faint X-Ray Sources
ascalss,ASCA Large Sky Survey
ascamaster,ASCA Master Catalog
ascao,ASCA Proposals
ascaprspec,ASCA Proposal Info & Abstracts
ascasis,ASCA SIS Source Catalog
asiagosn,Asiago Supernova Catalog (Dynamic Version)
askapbeta,BETA Pilot Multi-Epoch Continuum Survey of Spitzer SPT Deep Fiel
at20g,Australia Telescope 20-GHz (AT20G) Survey Catalog
at20g1fgl,AT20G/Fermi 1FGL Source Catalog
at20gbspol,Bright Extra-Galactic AT20G Sources Polarizations Catalog
at20gbss,Australia Telescope 20-GHz Survey Bright Source Sample
at20gharc,Australia Telescope 20-GHz (AT20G) High-Angular Resolution Catal
at2fglus,Australia Telescope 2FGL Unassociated Sources Radio Source Catal
atats,Allen Telescope Array Twenty-cm Survey (ATATS) Source Catalog
atcaadfs20,Australia Telescope Compact Array AKARI Deep Field South 20-cm S
atcdfsss82,Australia Telescope Chandra Deep Field-South and SDSS Stripe 82
atesp1p4gh,Australia Telescope ESO Slice Project 1.4-GHz Source Catalog
athdfs1p4g,Australia Telescope Hubble Deep Field-South 1.4-GHz Source Catal
athdfs3frq,Australia Telescope Hubble Deep Field-South 2.5, 5.2 and 8.7-GHz
athdfsccat,Australia Telescope Hubble Deep Field-South Combined Source Cata
athdfsoid,Australia Telescope Hubble Deep Field-South Optical Identificati
atlas2p3gh,AT Large Area Survey (ATLAS) ELAIS-S1 & CDF-S 2.3-GHz Source Cat
atlas5p5gh,AT Large Area Survey (ATLAS) E-CDF-S 5.5-GHz Components Catalog
atlascscpt,AT Large Area Survey (ATLAS) CDF-S/SWIRE 1.4-GHz Components Cata
atlascsid,AT Large Area Survey (ATLAS) CDF-S/SWIRE ID and Classification C
atlasd2cpt,AT Large Area Survey (ATLAS) CDF-S & ELAIS-S1 1.4-GHz DR2 Compon
atlasescpt,AT Large Area Survey (ATLAS) ELAIS-S1/SWIRE 1.4-GHz Components C
atlasesid,AT Large Area Survey (ATLAS) ELAIS-S1/SWIRE ID and Classificatio
atlasspecz,AT Large Area Survey (ATLAS) Spectroscopic Classes & Redshifts C
atlbs1p4gh,Australia Telescope Low-Brightness Survey Source Catalog
atlgds2p1g,Australia Telescope Local Group Dwarf Spheroidals 2.1-GHz Compon
atnfpulsar,ATNF Pulsar Catalog
atpmncat,Australia Telescope-PMN Catalog of Southern Radio Sources
axis,AXIS XMM-Newton Source Catalog
bat5bgrbsp,CGRO/BATSE 5B Gamma-Ray Burst Spectral Catalog
batse4b,CGRO/BATSE 4B Catalog
batsedaily,CGRO/BATSE Daily Data
batseeocat,CGRO/BATSE Earth Occultation Catalog of Low-Energy Gamma-Ray Sou
batsegrb,CGRO/BATSE Gamma-Ray Burst Catalog
batsegrbsp,CGRO/BATSE Complete Spectral Catalog of Bright GRBs
batsepulsr,CGRO/BATSE Pulsar Observations
batsetrigs,CGRO/BATSE Trigger Data
baxgalclus,BAX X-Ray Galaxy Clusters and Groups Catalog
bbxrt,BBXRT Archive
bestars,Be Stars Catalog
bhrfscid,Byurakan/Hamburg/ROSAT Catalog of Optical IDs
bmwchancat,Brera Multi-scale Wavelet Chandra Source Catalog
bmwhricat,Brera Multi-scale Wavelet ROSAT HRI Source Catalog
bnmdspecat,Brightest M Dwarfs in the Northern Sky Spectroscopic Catalog
boof153mhz,Bootes Field GMRT 153-MHz Source Catalog
bootesdf,Bootes Deep Field WSRT 1.4-GHz Source Catalog
bsc5p,Bright Star Catalog
caixa,Catalog of AGN in the XMM-Newton Archive
calchdmstr,CALET CHarge Detector (CHD) Master Catalog
calgbmmstr,CALET Gamma-Ray Burst Monitor (GBM) Master Catalog
candelscxo,CANDELS H-Band Selected Chandra Source Catalog
cargm31cxo,Carina Nebula Gum 31 Chandra X-Ray Point Source Catalog
carinaclas,Carina Nebula Chandra X-Ray Point Source Classes
carinacxo,Carina Nebula Chandra X-Ray Point Source Catalog
carinaxmm,Carina OB1 Association XMM-Newton X-Ray Point Source Catalog
cbatpicagn,CGRO BATSE-Observed Piccinotti Sample of Active Galactic Nuclei
cbfgrxecxo,Chandra Bulge Field X-Ray Point Source Catalog
ccosmoscat,Chandra COSMOS (C-COSMOS) Survey X-Ray Point Source Catalog
ccosmosoid,Chandra COSMOS (C-COSMOS) Survey Optical/IR Counterparts Catalog
ccosmphotz,Chandra COSMOS (C-COSMOS) Survey Photometric Redshift Catalog
ccosrssfag,Chandra COSMOS Radio-Selected Star-Forming Galaxies and AGN Cata
cdfn2msnew,Chandra Deep Field North 2-Megasecond Improved Point Source Cata
cdfn2msoi2,Chandra Deep Field North Updated Optical & IR Catalog
cdfn2msoid,Chandra Deep Field North 2-Megasecond Optical & IR Catalog
cdfsagncxo,Chandra Deep Field South AGN Spectral Properties Catalog
cenacxo,Centaurus A Galaxy Chandra X-Ray Point Source Catalog
cepaxmm,Cepheus A SFR XMM-Newton X-Ray Point Source Catalog
cepbob3cxo,Cep B/OB3 Star-Forming Region Chandra X-Ray Point Source Catalog
cepbob3oid,Cep B/OB3 Star-Forming Region Chandra Point Source Optical/IR ID
cfa2s,CfA Redshift Survey: South Galactic Cap Data
cfhtlsgxmm,XMM-Newton CFHTLS W1 Field Galaxy Groups Catalog
cg12cxo,CG 12 Chandra X-Ray Point Source Catalog
cgmw,Candidate Galaxies Behind the Milky Way
cgpsngpcat,Canadian Galactic Plane Survey (CGPS) 1420-MHz Compact Source Ca
cgrabs,Candidate Gamma-Ray Blazar Survey Source Catalog
cgroprspec,CGRO Proposal Info & Abstracts
cgrotl,CGRO Timeline
chainthcxo,Chamaeleon I North Cloud Chandra X-Ray Point Source Catalog
champhxagn,CHAMP (Chandra Multiwavelength Project) Hard X-Ray Emitting AGN
champlane,Chandra Multiwavelength Plane Survey Optical ID Catalog
champlanex,ChaMPlane Galactic Bulge and Center X-Ray Source Catalog
champpsc,Chandra Multiwavelength Project (ChaMP) Point Source Catalog
champsdssa,CHAMP/SDSS Nearby Low-Luminosity AGN Catalog
chandfn1ms,Chandra Deep Field North 1-Megasecond Catalog
chandfn2ms,Chandra Deep Field North 2-Megasecond Catalog
chandfs1ms,Chandra Deep Field South 1-Megasecond Catalog
chandfs2ms,Chandra Deep Field South 2-Megasecond Catalog
chandfs4ms,Chandra Deep Field South 4-Megasecond Catalog
chandfs7ms,Chandra Deep Field-South 7-Megasecond X-Ray Source Catalog
chanextdfs,Chandra Extended Deep Field South Survey Point Source Catalog
changalxrb,Chandra X-Ray Binary Catalog of SINGS Galaxies
changbscat,Chandra Galactic Bulge Survey Full X-Ray Point Source Catalog
chanmaster,Chandra Observations
channsgpsc,Chandra Nearby Spiral Galaxies Point Source Catalog
chansexagn,Chandra Serendipitous Extragalactic X-Ray Source ID (SEXSI)/Spit
chansexoid,Chandra Serendipitous Extragalactic X-Ray Source ID (SEXSI) Opti
chansexsi,Chandra Serendipitous Extragalactic X-Ray Source ID (SEXSI) Cata
chansngcat,Chandra ACIS Survey for X-Ray AGN in Nearby Galaxies
chantypgpr,Chandra Typical Galactic Plane Region Point Source Catalog
chanulxcat,Chandra Archive Of Galaxies Ultraluminous X-Ray Source Catalog
chanvguide,Chandra Variable Guide Star Catalog
chasfrxray,ROSAT All-Sky Survey: Chamaeleon Star Forming Region Study
chesscat,ChaMP Extended Stellar Survey (ChESS) X-Ray Catalog
chicagocxo,ChIcAGO Survey Chandra X-Ray Source Catalog
chngpscliu,Chandra ACIS Survey of Nearby Galaxies X-Ray Point Source Catalo
chpngptsrc,Chandra Nearby Galaxies Point Source Catalog
clans,Chandra Lockman Area North Survey (CLANS) X-Ray Source Catalog
clansoid,Chandra Lockman Area North Survey (CLANS) Optical & IR Catalog
class,HEASARC Object Classifications
clasxs,Chandra Large-Area Synoptic X-Ray Survey of Lockman Hole-NW
clasxsoid,Chandra Large-Area Synoptic X-Ray Survey Optical & IR Catalog
clscat,Chandra Legacy Survey (CLS) Catalog
cma,EXOSAT/CMA Sources (Unscreened)
cmaimage,EXOSAT CMA Images for Each Pointing
cmaob1nir,CMa OB1 XMM-Newton Point Source Near-Infrared Counterpart Proper
cmaob1xmm,CMa OB1 XMM-Newton X-Ray Point Source Catalog
cmar1xray,ROSAT PSPC Catalog of Canis Major R1 X-Ray Sources
cmascreen,EXOSAT/CMA Sources (Screened for Quality)
cmbmaster,LAMBDA Cosmic Microwave Background Experiments Master Catalog
cns3,Gliese Catalog of Nearby Stars, 3rd Edition
cocd,COCD: Catalog of Open Cluster Data
cocdext1,COCD: Catalog of Open Cluster Data First Extension
coll69oid,Collinder 69 Cluster Optical/IR Counterparts to XMM-Newton X-Ray
coll69xmm,Collinder 69 Cluster XMM-Newton X-Ray Point Source Catalog
comptel,CGRO/COMPTEL Low-Level Data and Maps
corotexlog,CoRoT Stellar Targets for Exoplanet Detection Observation Log
cosbmaps,COS-B Map Product Catalog
cosbraw,COS-B Photon Events Catalog
cosmosvlba,COSMOS Field VLBA Observations 1.4-GHz Source Catalog
cosxfirmwc,COSMOS Field X-Ray & FIR Detected AGN Multiwavelength Properties
coup,Chandra Orion Ultradeep Point Source Catalog
cpstars,Catalog of Ap, HgMn and Am Stars
cr261cxo,Collinder 261 Chandra X-Ray Point Source Catalog
cr261oid,Collinder 261 Chandra X-Ray Source Optical Counterparts Catalog
crabtime,Crab Pulsar Timing
crates,CRATES Flat-Spectrum Radio Source Catalog
cratesocrap,OCRA-p Survey of a Subset of CRATES Sources
csc,Chandra Source Catalog, v2.0
cvcat,Cataclysmic Variables Catalog (2006 Final Edition)
cxogsgsrc,Chandra ACIS GSG Point-Like X-Ray Source Catalog
cxoxassist,Chandra XAssist Source List
cyder,Calan-Yale Deep Extragalactic Research Survey X-Ray Source Catal
cygob2cxo,Cygnus OB2 Association Chandra X-Ray Point Source Catalog
cygob2cxo2,Cygnus OB2 Association Chandra X-Ray Point Source Catalog 2
cygob2xmm,Cygnus OB2 Association XMM-Newton X-Ray Point Source Catalog
cygtevcxo,Cygnus TeV Source Chandra X-Ray Point Source Catalog
denisigal,First DENIS I-band Extragalactic Catalog
dirbepsc,COBE DIRBE Point Source Catalog
dixon,Dixon Master List of Radio Sources (Version 43)
dncvobcat,Outburst Catalog of Dwarf Novae-type and Other Cataclysmic Varia
duerbeck,Galactic Novae References Catalog
dxrbs,ROSAT Deep X-Ray Radio Blazar Survey Catalog
ecdfscxo,Extended Chandra Deep Field-South X-Ray Point Source Catalog
ecdfsnew,Extended Chandra Deep Field South 250-ks Improved Point Source C
ecdfsoid,Extended Chandra Deep Field-South Survey Optical Identifications
ecdfsoid2,Extended Chandra Deep Field-South Optical and Near-IR Counterpar
ecdfsrssam,Radio-Selected Extended Chandra Deep Field South Source Catalog
efedshard,eROSITA eFEDS Hard X-Ray (2.3-5.0 keV) Source Catalog
efedsmain,eROSITA eFEDS Main X-Ray (0.2-2.3 keV) Source Catalog
egrcat,CGRO/EGRET Revised Catalog of Gamma-Ray Sources
egret3,CGRO/EGRET Third Source Catalog
egretdata,CGRO/EGRET Photon Lists and Maps
eingalcat,Catalog of Galaxies Observed by the Einstein Observatory IPC & H
eingalclus,Einstein Observatory Clusters of Galaxies Catalog
einopslgal,Einstein Survey of Optically Selected Galaxies
einstein2e,Einstein Observatory 2E Catalog of IPC X-Ray Sources
elaiscxo,ELAIS N1 and N2 Fields Chandra X-Ray Point Source Catalog
elaisfbmc,European Large-Area ISO Survey (ELAIS) Final Band-Merged Catalog
elaiss1oid,ELAIS S1 Field X-Ray Source Optical/IR Identifications Catalog
elaiss1xmm,ELAIS S1 Field XMM-Newton X-Ray Source Catalog
emss,Einstein Catalog IPC EMSS Survey
erass1hard,eROSITA All-Sky Survey (First 6 Months) Three-Band (2.3-5.0 keV)
erass1main,eROSITA All-Sky Survey (First 6 Months) X-Ray (0.2-2.3 keV) Sour
erassmastr,eROSITA All-Sky Survey Master Catalog
erosmaster,eROSITA Observations Master Catalog
erosxmm,Extremely Red Objects XMM-Newton Survey Catalog
esouppsala,ESO-Uppsala ESO(B) Survey
etachahard,Eta Chamaeleontis eROSITA EDR Field X-Ray (2.3-5.0 keV) Source C
etachamain,Eta Chamaeleontis eROSITA EDR Field X-Ray (0.2-2.3 keV) Source C
etgalcxo,Early-Type Galaxies Chandra X-Ray Point Source Catalog
etgalxray,Early-Type Galaxies X-Ray Luminosities Catalog
euv,Master EUV Catalog
euvebsl,EUVE Bright Sources
euvecat2,EUVE Second Source Catalog
euvemaster,EUVE Archive and Observation Log
euverap1,EUVE Right Angle Program, 1st Catalog
euverap2,EUVE Right Angle Program, 2nd Catalog
euverap3,EUVE Right Angle Program, 3rd Catalog
euvexrtcat,All-Sky Catalog of Faint EUV Sources
exgalemobj,Hewitt & Burbidge (1991) Catalog of Extragalactic Emission-Line
exms,EXOSAT ME Slew Catalog
exofot,EXOSAT Final Observation Tapes
exogps,EXOSAT/ME Galactic Plane Survey
exohgls,EXOSAT/CMA High Galactic Latitude Survey
exolog,EXOSAT Observation Log
exomaster,EXOSAT Master Observation List
exoplanets,Extrasolar Planets Encyclopedia
exoplanodb,Exoplanet Orbit Database
exopubs,EXOSAT Bibliography
exss,Einstein Extended Source Survey
faust,Faust Far-UV Point Source Catalog
fbsbsocat,First Byurakan Survey Blue Stellar Objects Catalog
feedback,Bugs and requests from users
fer2fusrid,Fermi 2FGL Unassociated Gamma-Ray Sources Possible Radio Identif
fermi2favs,Fermi All-Sky Variability Analysis Second Catalog of Flaring Gam
fermi3fgl,Fermi LAT 4-Year Point Source Catalog
fermi3fhl,Third Catalog of Hard Fermi-LAT Sources (3FHL)
fermifhl,Second Catalog of Hard Fermi-LAT Sources (2FHL)
fermigbrst,Fermi GBM Burst Catalog
fermigdays,Fermi GBM Daily Data
fermigsol,Fermi GBM Solar Flare Catalog
fermigtrig,Fermi GBM Trigger Catalog
fermil2psr,Fermi LAT Second Catalog of Gamma-Ray Pulsars (2PC)
fermilac,Fermi LAT Fourth AGN Catalog
fermilasp,Fermi LAT Monitored Source List
fermilatra,Fermi LAT Sources Refined Associations Catalog
fermilblaz,Fermi LAT Gamma-Ray Blazar Classification Catalog
fermilbsl,Fermi LAT Bright Source List
fermilgrb,Fermi LAT Second Gamma-Ray Burst Catalog
fermilhesc,Fermi LAT High-Energy Source Catalog (1FHL)
fermille,Fermi LAT Low-Energy Events Catalog
fermilpsc,Fermi LAT 14-Year Point Source Catalog (4FGL-DR4)
fermiltrns,Fermi LAT Long-Term Transient Source Catalog
fermilweek,Fermi LAT Weekly Data
flarestars,UV Cet-type Flare Stars & Related Objects Catalog
fornaxacxo,Fornax A (NGC 1316) Chandra X-Ray Source Catalog
fornaxxmm,Fornax Dwarf Galaxy XMM-Newton X-Ray Point Source Catalog
fpcsfits,Einstein FPCS Events Files
fricat,FIRST Catalog of FR I Radio Galaxies
friicat,FIRST Catalog of FR II Radio Galaxies
fsvsclustr,Faint Sky Variability Survey Catalog of Galaxy Clusters and Rich
fuselog,Far Ultraviolet Explorer (FUSE) Observation Log
galccxonid,Galactic Center Chandra X-Ray Source Near-IR Counterparts
galcencxo,Galactic Center Chandra X-Ray Point Source Catalog
galcenpspc,ROSAT PSPC Galactic Center Soft X-Ray Source Catalog
galexlog,Galaxy Evolution Explorer (GALEX) Observation Log
galextdsc,GALEX Time Domain Survey Catalog
galobstars,Catalog of Galactic OB Stars
gb6,Green Bank 6-cm (GB6) Radio Source Catalog
gbt31ghz,Green Bank Telescope 100-m 31-GHZ Radio Source Catalog
gc47tuccx2,47 Tuc Globular Cluster Chandra X-Ray Point Source Catalog (2017
gc47tuccxo,47 Tuc Globular Cluster Chandra X-Ray Point Source Catalog (2005
gcps,Galactic Center P-Band (330 MHz) Survey
gcptsrccxo,Chandra Point Sources in 18 Distant Galaxy Clusters
gcscat,Globular Cluster Systems of Galaxies Catalog
gcvs,General Catalog of Variable Stars (June 2022 Version)
gcvsegvars,General Catalog of Variable Stars (GCVS4.2): Extragalactic Varia
gcvsnsvars,General Catalog of Variable Stars, March 2012 Version: Suspected
gingaasmlc,Ginga ASM Source Lightcurves
gingabgd,Ginga Background Lightcurves & Spectra
gingalac,Ginga Source Lightcurves & Spectra
gingalog,Ginga LAC Log
gingamode,Ginga LAC Mode Catalog
gingaraw,Ginga LAC Raw Data
gleamegcat,GaLactic and Extragalactic All-sky MWA Survey (GLEAM) Extragalac
gliese2mas,Gliese Catalog Stars with Accurate Coordinates and 2MASS Cross-I
globclust,Milky Way Globular Clusters Catalog (December 2010 Version)
glxsdssqs2,GALEX/SDSS z=0.5-1.5 QSO Candidates Catalog
glxsdssqso,GALEX/SDSS Quasar Catalog
gmrt1hxcsf,Giant Metrewave Radio Telescope 1h XMM/Chandra Survey Fld 610-MH
gmrt4f150m,Giant Metrewave Radio Telescope Field I 150-MHz Radio Source Cat
gmrtas150m,Giant Metrewave Radio Telescope All-Sky 150-MHz Radio Source Cat
gmrtelain1,Giant Metrewave Radio Telescope ELAIS-N1 Field 610-MHz Radio Sou
gmrtelain2,Giant Metrewave Radio Telescope ELAIS-N2 Field 610-MHz Radio Sou
gmrtha325m,Giant Metrewave Radio Telescope Herschel-ATLAS/GAMA Flds 325-MHz
gmrtj0916,Giant Metrewave Radio Telescope J0916+6348 Field Radio Source Ca
gmrtk2f1lf,Giant Metrewave Radio Telescope 150-MHz Survey of Kepler K2 Fiel
gmrtlbdsly,Giant Metrewave Radio Telescope LBDS-Lynx Region 150-MHz Radio S
gmrtlhcat,Giant Metrewave Radio Telescope Lockman Hole 610-MHz Radio Sourc
gmrtlhcat2,Giant Metrewave Radio Telescope Lockman Hole 610-MHz Radio Sourc
gmrtlhcat3,Giant Metrewave Radio Telescope Lockman Hole 610-MHz Radio Sourc
gmrtspxfls,Giant Metrewave Radio Telescope Spitzer xFLS Field 610-MHz Radio
gmrtvvdsvl,Giant Metrewave Radio Telescope VVDS-VLA Deep Field 610-MHz Radi
gmrtxl240m,Giant Metrewave Radio Telescope XMM Large Scale Structure 240-MH
gmrtxl610m,Giant Metrewave Radio Telescope XMM Large Scale Structure 610-MH
goscat,Galactic O Stars with Accurate Spectral Classes Catalog
gp7c151mhz,7C(G) 151-MHz Northern Galactic Plane Survey Catalog
gpa,First Galactic Plane Survey at 8.35 and 14.35 GHz
grbcat,Catalog of Gamma-Ray Bursts
grbcatag,Catalog of Gamma-Ray Bursts: Afterglows
grbcatann,Catalog of Gamma-Ray Bursts: Annulus Regions
grbcatbox,Catalog of Gamma-Ray Bursts: Box Regions
grbcatcirc,Catalog of Gamma-Ray Bursts: Circle Regions
grbcatdual,Catalog of Gamma-Ray Bursts: Dual Regions
grbcatflux,Catalog of Gamma-Ray Bursts: Fluxes and Fluences
grbcatint,Catalog of Gamma-Ray Bursts: Intersect Regions
grbcatinta,Catalog of Gamma-Ray Bursts: Annulus Intersect Regions
grbcatirr,Catalog of Gamma-Ray Bursts: Irregular Regions
gs,EXOSAT GSPC Spectra and Lightcurves
gusbad,GRBs Uniformly Selected from BATSE Archival Data (Version 2.1)
gwsstrpcxo,Groth-Westphal Strip Chandra X-Ray Point Source Catalog
halomaster,HaloSat Master Catalog
halotimelg,HaloSat Time Log
hbc,Herbig & Bell Catalog of Orion Pop. Emission-Line Stars
hcg,Hickson Compact Groups of Galaxies (HCG) Catalog
hcggalaxy,Hickson Compact Groups of Galaxies (HCG) Individual Galaxies Dat
hcgxrbs,X-Ray Observations of Compact Group Galaxies
hdec,Henry Draper Extension Charts Catalog
heabib,High Energy Astrophysics Comprehensive Bibliography Catalog
hers82cat,Herschel Stripe 82 Survey (HerS) Point Source Catalog
herschllog,Herschel Space Observatory Log of Observations
hesscat,HESS (High Energy Stereoscopic System) Source Catalog
hete2gcn,HETE-2 GCN Triggers Catalog
hete2grb,HETE-2 Gamma-Ray Bursts
hete2tl,HETE-2 Timeline
hic,Hipparcos Input Catalog
hiiregion,Sharpless H II Regions
hipnewcat,Hipparcos New Astrometric Catalog
hipparcos,Hipparcos Main Catalog
hitomaster,Hitomi Master Catalog
hmxbcat,Catalog of High-Mass X-Ray Binaries in the Galaxy (4th Ed.)
hmxbcat2,Catalog of High-Mass X-Ray Binaries in the Galaxy (Dynamic Versi
hperseicxo,H Persei Chandra X-Ray Point Source Catalog
hrasscat,Hamburg/RASS Catalog: X-Ray Sources
hrassoptid,Hamburg/RASS Catalog: Optical Identifications
hricfa,Einstein Catalog HRI CFA Sources
hrideep,Einstein Catalog HRI Deep Survey
hriexo,Einstein Catalog HRI ESTEC Sources
hriimage,Einstein HRI Images
hriphot,Einstein HRI Photon Event Data
hstpaec,HST Planned and Archived Observations
hubbleudf,Hubble Ultra Deep Field Catalog
hyadesxray,ROSAT All-Sky Survey: Hyades Cluster Region
ibiscat,Fifth IBIS/ISGRI Soft Gamma-Ray Survey Catalog
ic10cxo,IC 10 Chandra X-ray Point Source Catalog
ic10xmmcxo,IC 10 XMM-Newton and Chandra X-Ray Point Source Catalog
ic1396acxo,IC 1396A & Trumpler 37 Cluster Chandra X-Ray Point Source Catalo
ic1396ncxo,IC 1396N Chandra X-Ray Point Source Catalog
ic1805xmm,IC 1805 XMM-Newton X-Ray Source Catalog
ic2944xmm,IC 2944/2948 XMM-Newton X-Ray Source Catalog
ic348cxo,IC 348 Chandra X-Ray Point Source Catalog
ic348cxo2,IC 348 Chandra X-Ray Point Source Catalog 2
icecubepsc,IceCube All-Sky Point-Source Neutrino Events Catalog (2008-2018)
infrared,Catalog of Infrared Observations (CIO), Edition 5
intagncat,Second INTEGRAL AGN Catalog
intbsc,INTEGRAL Bright Source Catalog
integralao,INTEGRAL Observing Program
intgccat,INTEGRAL IBIS Hard X-Ray Survey of Galactic Center
intibisag2,INTEGRAL IBIS AGN Catalog Update
intibisagn,INTEGRAL IBIS AGN Catalog
intibisass,INTEGRAL IBIS All-Sky Survey of Hard X-Ray Sources
intibisgal,INTEGRAL IBIS 9-Year Galactic Hard X-Ray Survey Catalog
intibisvhd,INTEGRAL IBIS Hard X-Ray Survey Above 100 keV Source Catalog
intomcvs,INTEGRAL OMC First Catalog of Optically Variable Sources
intpublic,INTEGRAL Public Data Results Catalog
intrefcat,INTEGRAL Reference Catalog
intscw,INTEGRAL Science Window Data
intscwpub,INTEGRAL Public Pointed Science Window Data
intspiagrb,INTEGRAL First SPI-ACS Gamma-Ray Burst Catalog
intvarcat,INTEGRAL/ISGRI Catalog of Variable X-Ray Sources
ipc,Einstein IPC Sources Catalog
ipcdeep,Einstein Catalog IPC Deep Survey
ipcimage,Einstein IPC Images
ipclxlbol,Einstein LX & LBL Values for IPC O Stars
ipcostars,Einstein Count Rates for IPC O Stars
ipcphot,Einstein IPC Photon Event Data
ipcslew,Einstein Catalog IPC Slew Survey
ipcultsoft,Einstein IPC Ultrasoft Sources Catalog
ipcunscrnd,Einstein IPC Unscreened Photon Event List
ipngrb,Gamma-Ray Bursts from the Interplanetary Network
ir20126cxo,IRAS 20126+4104 Chandra X-Ray Point Source Catalog
iram30mlog,IRAM 30-m Single-Dish Telescope Observation Log
iramnoelog,IRAM NOEMA (NOrthern Extended Millimeter Array) Observation Log
irampdblog,IRAM Plateau de Bure Interferometer Observation Log
irasfsc,IRAS Faint Source Catalog, Version 2.0
iraspsc,IRAS Point Source Catalog, Version 2.0
iraspscz,IRAS Point Source Catalog Redshift (PSCz) Catalog
irasssc,IRAS Serendipitous Survey Catalog
iraszsurv,IRAS 1.2-Jy Redshift Survey
isgri4yrct,INTEGRAL ISGRI 4-Year Source Catalog
isolog,ISO (Infrared Space Observatory) Observation Log
iuelog,IUE (International Ultraviolet Explorer) Final Merged Observatio
ixmaster,IXPE Master Catalog
kaporixmm,Kappa Orionis XMM-Newton X-Ray Point Source Catalog
kommersgrb,Kommers et al. (2001) BATSE Non-Triggered Gamma-Ray Burst Catalo
konus,Venera KONUS 11 & 12 Bursts
kuehr,Extragalactic Radio Sources
kvttmcomis,Kvant TTM/COMIS X-Ray Source Catalog
l1641ioxmm,Lynds 1641 and iota Ori Region XMM-Newton X-Ray Point Source Cat
lalaboocxo,LALA Bootes Field Chandra X-Ray Point Source Catalog
lalacetcxo,LALA Cetus Field Chandra X-Ray Point Source Catalog
lamorixmm,Lambda Orionis Cluster XMM-Newton X-Ray Point Source Catalog
lbn,Lynds Catalog of Bright Nebulae
lbqs,Large Bright Quasar Survey
lcrscat,Las Campanas Redshift Survey Catalog
ld7c151mhz,7C 151-MHz Low-Declination Survey Catalog
ldn,Lynds Catalog of Dark Nebulae
le,CMA Catalog Central 6 Arcmin
lkha101cxo,LkH-alpha 101 Star Formation Region Chandra X-Ray Point Source C
lmc30drcxo,LMC 30 Doradus Complex Chandra X-Ray Point Source Catalog
lmcclustrs,LMC Clusters Catalog
lmcextobj,Large Magellanic Cloud Extended Objects Catalog
lmchrixray,ROSAT HRI Catalog of LMC X-Ray Sources (Sasaki et al.)
lmcn11cxo,LMC N11 Giant HII Region Chandra X-Ray Point Source Catalog
lmcrosxray,ROSAT PSPC Catalog of LMC X-Ray Sources (Haberl & Pietsch)
lmcxray,LMC X-Ray Discrete Sources
lmxbcat,Low-Mass X-Ray Binary Catalog (4th Edition, 2007)
lockmanoir,Lockman Hole AGN Optical and Infrared Properties Catalog
lockmanxm2,Lockman Hole XMM-Newton X-Ray Point Source Catalog
lockmanxmm,Lockman Hole Field XMM-Newton X-Ray Point Source Catalog
lof3c29534,LOFAR 3C295 Field 34-MHz Source Catalog
lof3c29546,LOFAR 3C295 Field 46-MHz Source Catalog
lof3c29562,LOFAR 3C295 Field 62-MHz Source Catalog
lofarbf62m,LOFAR Bootes Field 62-MHz Source Catalog
lofhatlas,LOFAR Radio Catalog of Herschel-ATLAS North Galactic Pole Field
lorcat,Low-Frequency Radio Catalog of Flat-Spectrum Sources
lotssprcat,LOFAR 2-Meter Sky Survey Preliminary Data Release Source Catalog
lowzvlqvla,VLA 6-GHz Observations of Low-Redshift SDSS QSOs
lpffiles,LISA Pathfinder Archive Data Summary
lqac,Large Quasar Astrometric Catalog, 3rd Release
lspmnorth,Lepine and Shara Northern Stars Proper Motion (LSPM-North) Catal
lupus3xmm,Lupus 3 SFR XMM-Newton X-Ray Point Source Catalog
lyngaclust,Lynga Open Clusters Catalog
m101cxo,M 101 Chandra X-Ray Point Source Catalog
m101xmm,M 101 XMM-Newton X-Ray Point Source Catalog
m108cxo,M 108 Chandra X-Ray Compact Source Catalog
m16cxo,M 16 (Eagle Nebula) Chandra X-Ray Point Source Catalog
m17cxo,M 17 Chandra X-Ray Point Source Catalog
m31cfcxo,M 31 Central Field Chandra HRI X-Ray Point Source Catalog
m31clustrs,M 31 Globular Cluster Candidates Catalog
m31cxo2,M 31 Bulge Chandra X-Ray Point Source Catalog
m31cxohrc2,M 31 Chandra HRC X-Ray Source Catalog
m31cxoxray,M 31 Central Region Chandra X-Ray Point Source Catalog
m31deepxmm,M 31 Deep XMM-Newton Survey X-Ray Source Catalog
m31phatcxo,M 31 Disk Chandra PHAT Survey: X-Ray Source Catalog
m31phatsfh,M 31 Disk Chandra PHAT Survey: HST-Derived Star Formation Histor
m31rbcgc,M 31 Revised Bologna Clusters and Candidates Catalog (Version 5)
m31rosxray,ROSAT PSPC M 31 Source Catalog
m31stars,M 31 Field Brightest Stars Catalog
m31stars2,MIT/Amsterdam M 31 Survey
m31xmm2,M 31 XMM-Newton Spectral Survey X-Ray Point Source Catalog
m31xmmxray,XMM-Newton M 31 Survey Source Catalog
m33chase,M 33 Chandra ACIS Survey (ChASeM33) Final Source Catalog
m33cxoxray,M 33 Chandra X-Ray Point Source Catalog
m33deepxmm,M 33 Deep XMM-Newton Survey X-Ray Source Catalog
m33snrxmm,M 33 XMM-Newton Supernova Remnants Catalog
m33xmm2,M 33 XMM-Newton X-Ray Variability Source Catalog
m33xmmxray,XMM-Newton M 33 Survey Catalog
m37cxo,M 37 Chandra X-Ray Point Source Catalog
m51cxo,M 51 Chandra X-Ray Discrete Source Catalog
m51cxo2,M 51 Deep Chandra ACIS X-Ray Point Source Catalog
m67cxo,M 67 Chandra X-Ray Point Source Catalog
m71cxo,M 71 Chandra X-Ray Point Source and Optical/Infrared Counterpart
m81cxo,M 81 Chandra X-Ray Discrete Source Catalog
m81cxo2,M 81 Chandra X-Ray Point Source Catalog
m83cxo,M 83 Chandra X-Ray Point Source Catalog
m83xmm,M 83 XMM-Newton X-Ray Point Source Catalog
m83xrbcxo,M 83 Chandra X-Ray Binary Classifications Using HST
m87cxo,M 87 Chandra X-Ray Point Source Catalog
macs,Magellanic Catalog of Stars
maghmxbcat,Magellanic Clouds High-Mass X-Ray Binaries Catalog
magpis,Multi-Array Galactic Plane Imaging Survey
maranoxmm,Marano Field XMM-Newton X-Ray Source Optical Counterparts
markarian,First Byurakan Survey (Markarian) Catalog of UV-Excess Galaxies
markarian2,Markarian Galaxies Optical Database
mashpncat,MASH Catalogs of MASH Planetary Nebulae
maxigsc7yr,MAXI/GSC 7-Year High and Low Galactic Latitude Source Catalog (3
maxigschgl,37-Month MAXI/GSC High Galactic-Latitude Source Catalog
maximaster,MAXI Master Catalog
maxissccat,MAXI/SSC Catalog of X-Ray Sources in 0.7-7.0 keV Band
mcg,Morphological Galaxy Catalog
mcksion,McCook-Sion White Dwarf Catalog (Web Version)
mcxc,MCXC Meta-Catalog of X-Ray Detected Clusters of Galaxies
mdwarfasc,Bright M Dwarf All-Sky Catalog
mdwf10pcux,UV/X-Ray Data for M Dwarfs Within 10 Parsecs
me,EXOSAT ME Spectra and Lightcurves
messier,Messier Nebulae
metainfo,Metadata for Xamin tables
mggammacat,Gamma-Ray Source Summary Catalog (Macomb & Gehrels 1999 & 2001)
mggammadet,Gamma-Ray Source Detailed Catalog (Macomb & Gehrels 1999)
mgps2,Molonglo Galactic Plane Survey 2nd Epoch Compact Source Catalog
milliquas,Million Quasars Catalog (MILLIQUAS), Version 8 (2 August 2023)
mitgb6cm,MIT-Green Bank 5-GHz Survey Catalog
monr2cxo,Monoceros R2 Cloud Chandra X-Ray Point Source Catalog
morbbincat,Dynamical Masses of Selected Orbital Binary Systems
morx,Millions of Optical Radio/X-Ray (MORX) Associations Catalog, Ver
mostatlas,Molonglo Observatory Synthesis Telescope ATLAS 843-MHz Source Ca
mostsnrcat,Molonglo Observatory Synthesis Telescope Supernova Remnant Catal
moxc,Massive Star-Forming Regions Omnibus X-Ray Catalog
mpcraw,Einstein MPC Raw Data
mrc,Molonglo Reference Catalog of Radio Sources
msxpsc,Midcourse Space Experiment (MSX) Point Source Catalog, V2.3
msxuvpsc,Midcourse Space Experiment (MSX) Ultraviolet Point Source Catalo
mwa32thgl,Murchison Widefield Array 32-T Low-Frequency Source Catalog
mwacs,Murchison Widefield Array Commissioning Survey Compact Low-Frequ
mwak2f1lfc,Murchison Widefield Array Low-Frequency Radio Survey of Kepler K
mwmc,Milky Way Molecular Clouds from CO Measurements
mwp1bubble,Milky Way Project First Data Release IR Bubble Catalog
mwsc,Milky Way Star Clusters Catalog
mystixires,Massive Young Star-Forming Complex Study in IR & X-Rays: IR-Exce
mystixmidi,Massive Young Star-Forming Complex Study in IR & X-Rays: Mid-IR
mystixmpcm,Massive Young Star-Forming Complex Stdy in IR & X-Rays: MYStIX P
mystixxray,Massive Young Star-Forming Complex Study in IR & X-Rays: X-Ray S
napexmmcxo,North America (NGC 7000) & Pelican (IC 5070) Nebulae X-Ray Sourc
narcscat,Norma Arm Region Chandra Survey Point & Extended Source Catalog
ncp21cma,North Celestial Pole Region Radio Sources Detected by the 21cm A
neargalcat,Updated Nearby Galaxy Catalog
newmdwarfs,New M Dwarfs in the Solar Neighborhood
ngc1068cxo,NGC 1068 Chandra X-Ray Compact Source Catalog
ngc1291cxo,NGC 1291 Chandra X-Ray Point Source Catalog
ngc1332cxo,NGC 1332 Chandra X-Ray Compact Source Catalog
ngc1333cxo,NGC 1333 Chandra X-Ray Point Source Catalog
ngc1399cxo,NGC 1399 Chandra X-Ray Source Catalog
ngc1512xmm,NGC 1512/NGC 1510 XMM-Newton X-Ray Point Source Catalog
ngc1600cxo,NGC 1600 Chandra X-Ray Discrete Source Catalog
ngc1893cxo,NGC 1893 Chandra X-Ray Point Source Catalog
ngc2000,NGC2000.0: Complete New General Catalog and Index Catalog
ngc2024cxo,NGC 2024 Chandra X-Ray Point Source Catalog
ngc2237cxo,NGC 2237 Chandra X-Ray Point Source Catalog
ngc2244cxo,NGC 2244/Rosette Nebula Chandra X-Ray Point Source Catalog
ngc2264cx2,NGC 2264 Chandra X-Ray Point Source Catalog 2
ngc2264cxo,NGC 2264 Chandra X-Ray Point Source Catalog
ngc2264xmm,NGC 2264 XMM-Newton X-Ray Point Source Catalog
ngc2362cxo,NGC 2362 Chandra X-Ray Point Source Catalog
ngc2403cx2,NGC 2403 Chandra X-Ray Point Source Catalog
ngc2403cxo,NGC 2403 Central 3-kpc Region Chandra Source Catalog
ngc2516cxo,NGC 2516 Chandra X-Ray Point Source Catalog
ngc2516xmm,NGC 2516 Cluster XMM-Newton X-Ray Point Source Catalog
ngc253xmm,NGC 253 XMM-Newton X-Ray Point Source Catalog
ngc2547xmm,NGC 2547 XMM-Newton X-Ray Point Source Catalog
ngc2808cxo,NGC 2808 Chandra X-Ray Point Source Catalog
ngc2808xmm,NGC 2808 XMM-Newton X-Ray Point Source Catalog
ngc2903cxo,NGC 2903 Central Region Chandra X-Ray Point Source Catalog
ngc300cxo,NGC 300 Chandra X-Ray Point Source Catalog
ngc3115cxo,NGC 3115 Chandra X-Ray Point Source Catalog
ngc3293cxo,NGC 3293 Chandra X-Ray Point Source Catalog
ngc404cxo,NGC 404 Chandra X-Ray Point Source Catalog
ngc4214cxo,NGC 4214 Chandra X-Ray Point Source Catalog
ngc4278cxo,NGC 4278 Chandra X-Ray Point Source Catalog
ngc4365cxo,NGC 4365 Chandra LMXB Catalog
ngc4382cxo,NGC 4382 Chandra LMXB Catalog
ngc4472cxo,NGC 4472 Chandra X-Ray Point Source Catalog
ngc4636cxo,NGC 4636 Chandra X-Ray Point Source Catalog
ngc4649cx2,NGC 4649 Chandra X-Ray Point Source Catalog 2
ngc4649cxo,NGC 4649 Chandra X-Ray Discrete Source Catalog
ngc55cxo,NGC 55 Chandra X-Ray Point Source Catalog
ngc5866cxo,NGC 5866 Chandra X-Ray Point Source Catalog
ngc6231cx2,NGC 6231 Chandra X-Ray Point Source Catalog 2
ngc6231cxo,NGC 6231 Chandra X-Ray Point Source Catalog
ngc6231xmm,NGC 6231 XMM-Newton X-Ray Source Catalog
ngc6334cxo,NGC 6334 Chandra X-Ray Point Source Catalog
ngc6357cxo,NGC 6357 Chandra X-Ray Point Source Catalog
ngc6357oid,NGC 6357/Pismis 24 Chandra Point Source Optical/IR Identificatio
ngc6530cxo,NGC 6530 Chandra X-Ray Point Source Catalog
ngc6530oid,NGC 6530 Chandra Point Source Optical/IR Identifications Catalog
ngc6530xmm,NGC 6530 XMM-Newton X-Ray Point Source Catalog
ngc6791cxo,NGC 6791 Chandra X-Ray Point Source Catalog
ngc752cxo,NGC 752 Chandra X-Ray Point Source Catalog
ngc752xmm,NGC 752 XMM-Newton X-Ray Point Source Catalog
nicermastr,NICER Master Catalog
nltt,NLTT Catalog & First Supplement
noras,Northern ROSAT All-Sky (NORAS) Galaxy Cluster Survey Catalog
north20cm,20cm Radio Catalog
north6cm,6cm Radio Catalog
nuaftl,NuSTAR As-Flown Timeline
nucosmosfc,NuSTAR COSMOS Field X-Ray Source Catalog
nuecdfscat,NuSTAR Survey of Extended Chandra Deep Field South (ECDF-S) Sour
nugalcen,NuSTAR Hard X-Ray Survey of the Galactic Center
numaster,NuSTAR Master Catalog
nustarssc,NuSTAR Serendipitous Survey 40-Month Primary Source Catalog
nustarssc2,NuSTAR Serendipitous Survey 40-Month Secondary Source Catalog
nuvbemdcat,Near-UV Detected Bright Early-M Dwarf Star Catalog
nvss,NRAO VLA Sky Survey Catalog
nwayawgros,AllWISE Counterparts and Gaia Matches to ROSAT/2RXS X-Ray Source
nwayawgxmm,AllWISE Counterparts and Gaia Matches to XMM-Newton Slew Survey
omc2p3cxo,OMC-2 and OMC-3 Chandra X-Ray Point Source Catalog
omegcencx2,Omega Centauri Globular Cluster Chandra Deep Survey X-Ray Point
omegcencxo,Omega Centauri Globular Cluster Chandra X-Ray Point Source Catal
omegcenxmm,Omega Centauri XMM-Newton X-Ray Point Source Catalog
onccxoopt,Orion Nebula Cluster Chandra HRC Optical Sample
onccxoxray,Orion Nebula Cluster Chandra HRC X-Ray Point Source Catalog
openclust,New Optically Visible Open Clusters and Candidates Catalog
orionffcxo,Orion Flanking Fields Chandra X-Ray Point Source Catalog
orionxray,ROSAT Survey of the Orion Nebula
orionxstar,ROSAT HRI Orion Group 1 Stars
oriysoir,Orion Nebula YSO IR Properties
oso8alc,OSO8 A Detector Lightcurves
oso8bclc,OSO8 B&C Detector Lightcurves
oso8pharaw,OSO8 GCXSE Raw PHA
oso8rtraw,OSO8 GCXSE Raw Rates
osqsonvss,Optically-Selected QSOS NVSS-Detected Source Catalog
osrilqxray,Optically Selected Radio-Intermediate and Loud Quasars X-ray Emi
osse,CGRO/OSSE Observations
ostars,Galactic O Stars Catalog
ovro31ghz,Owens Valley Radio Observatory 40-m 31-GHZ Radio Source Catalog
pacobscat,Planck-ATCA Co-eval Observations (PACO) Project Bright Sample Ca
pacofscat,Planck-ATCA Co-eval Observations (PACO) Project Faint Sample Cat
pccs030ghz,Planck Catalog of 30-GHz Compact Sources (PCCS) Release 2
pccs044ghz,Planck Catalog of 44-GHz Compact Sources (PCCS) Release 2
pccs070ghz,Planck Catalog of 70-GHz Compact Sources (PCCS) Release 2
pccs100ghz,Planck Catalog of 100-GHz Compact Sources (PCCS) Release 2
pccs143ghz,Planck Catalog of 143-GHz Compact Sources (PCCS) Release 2
pccs217ghz,Planck Catalog of 217-GHz Compact Sources (PCCS) Release 2
pccs353ghz,Planck Catalog of 353-GHz Compact Sources (PCCS) Release 2
pccs545ghz,Planck Catalog of 545-GHz Compact Sources (PCCS) Release 2
pccs857ghz,Planck Catalog of 857-GHz Compact Sources (PCCS) Release 2
pds1p4ghz,Phoenix Deep Survey 1.4-GHz Catalog
pdsoid,Phoenix Deep Survey Optical and Near-Infrared Counterparts Catal
pdsoid2,Phoenix Deep Survey Optical and Near-Infrared Counterparts Catal
pg,Palomar-Green Catalog of UV-Excess Stellar Objects
pgc2003,Principal Galaxy Catalog (PGC) 2003
phebus,Granat Phebus Gamma-Ray Bursts
pigssboofd,Allen Telescope Array Pi GHz Sky Survey (PiGSS) Boo Field Source
pigsselcnf,Allen Telescope Array Pi GHz Sky Survey (PiGSS) Deep Fields Sour
pkscat90,Parkes Southern Radio Source Catalog, Version 1.01
planckeszc,Planck Early Sunyaev-Zeldovich Detected Cluster Candidates Catal
planckgcc,Planck Catalog of Galactic Cold Clumps (PGCC)
planckhzsc,Planck High-Redshift Source Candidates Catalog
plancksz,Updated Planck Catalog of Sunyaev-Zeldovich Sources Release 1
plancksz2,Planck 2nd Sunyaev-Zeldovich Source Catalog
pleiadxray,ROSAT PSPC Catalog of the Pleiades (Micela et al. 1996)
plnebulae,Galactic Planetary Nebulae Catalog
pmn,Parkes-MIT-NRAO (PMN) Surveys
pmpulsar,Parkes Multibeam Survey New Pulsar Catalog
pmsucat,Palomar/MSU Nearby Star Survey
ppm,Positions and Proper Motions Catalog
ppmxlbmd,PPM-XL Bright M Dwarfs Catalog
pulsar,Pulsar Catalog
pvogrb,PVO Gamma-Ray Bursts
qorgcat,All-Sky Optical Catalog of Radio/X-Ray Sources
qso,Hewitt & Burbidge (1993) QSO Catalog
radio,Master Radio Catalog
rass2foid,ROSAT All-Sky Survey Two Selected Fields Optical Identifications
rass2fxray,ROSAT All-Sky Survey Two Selected Fields X-Ray Source Catalog
rass2mass,ROSAT All-Sky Survey BSC/2MASS PSC Cross-Associations XID II Cat
rass2rxs,Second ROSAT All-Sky Survey Point Source Catalog (2RXS)
rass6dfgs,ROSAT All-Sky Survey/6dF Galaxy Survey Catalog of X-Ray Selected
rassaeqso,ROSAT All-Sky Survey/ASIAGO-ESO QSO Survey Catalog
rassasaseb,RASS/All-Sky Automated Survey Eclipsing Binaries Catalog
rassasaspv,All-Sky Automatic Survey (ASAS) Photometry of ROSAT All-Sky Surv
rassbsc,ROSAT All-Sky Survey: Bright Sources
rassbscpgc,ROSAT All-Sky Survey Bright Source Catalog/Catalog of Principal
rasscals,ROSAT All-Sky Survey CALS Galaxy Groups Catalog
rasscndins,ROSAT All-Sky Survey Candidate Isolated Neutron Stars
rasscns3,ROSAT All-Sky Survey: Nearby Stars
rassdssagn,ROSAT All-Sky Survey and SDSS DR5 Sample of X-Ray Emitting AGN
rassdsstar,ROSAT All-Sky Survey and SDSS Sample of X-Ray Emitting Stars
rassdwarf,ROSAT All-Sky Survey: A-K Dwarfs/Subgiants
rassebcs,ROSAT All-Sky Survey Extended Brightest Cluster Sample
rassfirst,ROSAT All-Sky Survey Single FIRST Matches Catalog
rassfsc,ROSAT All-Sky Survey: Faint Sources
rassgb,RASS/Green Bank Catalog
rassgiant,ROSAT All-Sky Survey: Giants & Supergiants
rasshgsft2,ROSAT All-Sky Survey: Soft High Galactic-Latitude X-Ray Sources
rasshgsoft,ROSAT All-Sky Survey: Soft High Galactic-Latitude X-Ray Sources
rassmaster,ROSAT All-Sky Survey Archival Data
rassnorsam,ROSAT All-Sky Survey Completely Identified Northern Sample
rassob,ROSAT All-Sky Survey: OB Stars
rasssdssgc,ROSAT All-Sky Survey and Sloan Digital Sky Survey DR7 Galaxy Clu
rassusnoid,ROSAT All-Sky Survey Bright Source Catalog USNO A2 Cross-Associa
rassvars,RASS X-Ray Variable Sources Catalog
rasswd,ROSAT All-Sky Survey: White Dwarfs
rbs,ROSAT Bright Survey (Schwope et al. 2000)
rbscnvss,ROSAT All-Sky Survey/NVSS Bright X-Ray Source Sample
rc3,Third Reference Catalog of Bright Galaxies
rcw108cxo,RCW 108 Star Formation Region Chandra X-Ray Point Source Catalog
rcw38cxo,RCW 38 Chandra X-Ray Point Source Catalog
rcw38cxo2,RCW 38 Chandra X-Ray Point Source Catalog 2
rcw38yso,RCW 38 Young Stellar Objects Catalog
rcw49cxo,RCW 49 Chandra X-Ray Point Source Catalog
reflex,ROSAT-ESO Flux-Limited X-Ray (REFLEX) Galaxy Cluster Survey
refnebulae,Merged Catalog of Reflection Nebulae
revisedlhs,Revised Luyten Half-Second (LHS) Catalog
rhessigrb,RHESSI Gamma-Ray Burst Catalog
rhoophcxo,Rho Ophiuchi SFR Chandra X-Ray Point Source Catalog
rittercv,Ritter Cataclysmic Binaries Catalog (7.21 Edition)
ritterlmxb,Ritter Low-Mass X-Ray Binaries Catalog (7.21 Edition)
ritterrbin,Ritter Binaries Related to CVs Catalog (7.21 Edition)
rixos,ROSAT International X-Ray/Optical Survey Source Catalog
romabzcat,Roma-BZCAT Multi-Frequency Catalog of Blazars
ros13hrcxo,ROSAT/XMM-Newton 13-hour Field Chandra X-Ray Source Catalog
ros13hrvla,ROSAT/XMM-Newton 13-hr Deep Field VLA 20-cm Source Catalog
ros13hrxmm,ROSAT 13-hour Field XMM-Newton X-Ray Source Catalog
ros400gcls,ROSAT PSPC 400 Square Degree Galaxy Cluster Catalog
rosathard,ROSAT Hard-Spectrum X-Ray Source Catalog
rosatlog,ROSAT Observation Log
rosatrlq,ROSAT Radio-Loud Quasars Catalog
rosatrqq,ROSAT Radio-Quiet Quasars Catalog
rosatxuv,ROSAT XUV Pointed Phase
rosettecxo,Rosette Molecular Cloud Chandra X-Ray Point Source Catalog
rosgalclus,ROSAT PSPC Catalog of Clusters of Galaxies
roshri,ROSAT Results Archive Sources for the HRI
roshritotal,ROSAT Complete Results Archive Sources for the HRI
rosmaster,ROSAT Archival Data
rosnepagn,ROSAT North Ecliptic Pole Survey Active Galactic Nuclei Catalog
rosnepoid,ROSAT North Ecliptic Pole Survey Optical Identifications
rosnepxray,ROSAT North Ecliptic Pole Survey X-Ray Source Catalog
rosprspec,ROSAT Proposal Abstracts
rospspc,ROSAT Results Archive Sources for the PSPC
rospspcf,ROSAT Results Archive Sources for the PSPC with Filter
rospspcftot,ROSAT Complete Results Archive Sources for the PSPC with Filter
rospspctotal,ROSAT Complete Results Archive Sources for the PSPC
roswfc2re,ROSAT Catalog WFC 2RE Sources
rotxraycat,Stars with Rotation Periods & X-Ray Luminosities Catalog
roxa,ROXA (Radio-Optical-X-ray at ASDC) Blazars Catalog
rrs8c38mhz,8C Revised Rees Survey 38-MHz Source Catalog
rssgrbag,Radio-Selected Gamma-Ray Burst Afterglow Catalog
rt9cc15ghz,9C Continued 15-GHz Ryle Telescope Survey of VSA Fields Source C
rtv9c15ghz,9C 15-GHz Ryle Telescope Survey of VSA Fields Source Catalog
s254258cxo,S254-S258 Star-Forming Region Chandra X-Ray Point Source Catalog
sa57xmm,Selected Area 57 XMM-Newton X-Ray Source Catalog
sacshpscat,Swift AGN & Cluster Survey (SACS) Hard-Band (2-10 keV) Point Sou
sacssescat,Swift AGN & Cluster Survey (SACS) Soft-Band (0.5-2 keV) Extended
sacsspscat,Swift AGN & Cluster Survey (SACS) Soft-Band (0.5-2 keV) Point So
sacstpscat,Swift AGN & Cluster Survey (SACS) Total-Band (0.2-10 keV) Point
sacy,SACY (Search for Associations Containing Young Stars) Catalog
saisncat,Sternberg Astronomical Institute Catalog of Supernovae
sao,Smithsonian Astrophysical Observatory Star Catalog
sas2maps,SAS-2 Map Product Catalog
sas2raw,SAS-2 Photon Events Catalog
sas3ylog,SAS-3 Y-Axis Pointed Obs Log
sax2to10,BeppoSAX 2-10 keV Survey
saxao,BeppoSAX Approved Pointings
saxgrbmgrb,BeppoSAX/GRBM Gamma-Ray Burst Catalog
saxhellas,BeppoSAX High-Energy Large Area Survey (HELLAS) X-Ray Source Cat
saxhellasr,BeppoSAX High-Energy Large Area Survey (HELLAS) Radio Source Cat
saxnfilog,BeppoSAX NFI Archive and Observation Log
saxwfccat,BeppoSAX Wide Field Camera X-Ray Source Catalog
saxwfccat2,BeppoSAX Wide Field Camera Unbiased X-Ray Source Catalog
saxwfclog,BeppoSAX WFC Observation Log
sborbitcat,Spectroscopic Binary Orbits Ninth Catalog (Dynamic Version)
sbsggencat,Second Byurakan Survey General Catalog Galaxies Optical Database
scubafemoc,SCUBA Legacy Fundamental and Extended Map Object Catalogs
sdssbalqs2,Sloan Digital Sky Survey Broad Absorption Line Quasars Catalog:
sdssbalqso,Sloan Digital Sky Survey Broad Absorption Line Quasars Catalog:
sdsscvcat,Sloan Digital Sky Survey I/II Cataclysmic Variables Catalog
sdsscxoqso,Sloan Digital Sky Survey Quasars Detected by Chandra
sdssdr10wd,Sloan Digital Sky Survey DR10 New White Dwarf Catalog
sdssdr7wd,Sloan Digital Sky Survey DR7 White Dwarf Catalog
sdsslasqso,Sloan Digital Sky Survey/UKIRT DSS Large Area Survey Matched Qua
sdssnbckde,SDSS NBCKDE Catalog of Photometrically Selected Quasar Candidate
sdssnbcqsc,Sloan Digital Sky Survey NBC Quasar Candidate Catalog
sdssquasar,Sloan Digital Sky Survey Quasar Catalog (Twelfth Data Release: D
sdsss82cxo,Sloan Digital Sky Survey Stripe 82 Chandra Source Match Catalog
sdsss82xmm,Sloan Digital Sky Survey Stripe 82 XMM-Newton Source Match Catal
sdssunuqsr,Sloan Digital Sky Survey Unusual Quasars Catalog
sdsswdsd,Sloan Digital Sky Survey DR4 White Dwarf & Hot Subdwarf Catalog
sdsswhlgc,Sloan Digital Sky Survey DR6 Galaxy Clusters Catalog
sdssxmmqso,Sloan Digital Sky Survey (DR5)/XMM-Newton Quasar Survey Catalog
selhcgcxo,Selected Hickson Compact Groups Chandra X-Ray Point Source Catal
sfgalhmxb,Star-Forming Galaxies High-Mass X-Ray Binaries Catalog
sfincspcm,Star Formation in Nearby Clouds (SFiNCs) Probable Cluster Member
sfincsxray,Star Formation in Nearby Clouds (SFiNCs) X-Ray Source Catalog
sgraregcsc,Sgr A* Region Compact Radio Source Catalog
shk,Shakbazian Compact Groups of Galaxies
shkgalaxy,Shakhabazian (Shk) Compact Groups of Galaxies: Individual Galaxi
sigorixmm,Sigma Orionis Cluster XMM-Newton X-Ray Point Source Catalog
sixdfgs,6dFGS Galaxy Survey Final Redshift Release Catalog
sixsrvycat,Swift-INTEGRAL X-Ray (SIX) Survey Catalog
smc1400mhz,Small Magellanic Cloud ATCA and Parkes 1400-MHz Source Catalog
smc4800mhz,Small Magellanic Cloud ATCA 4800-MHz Source Catalog
smc843mhz,Small Magellanic Cloud MOST 843-MHz Source Catalog
smc8640mhz,Small Magellanic Cloud ATCA 8640-MHz Source Catalog
smcclustrs,SMC & Bridge Clusters Catalog
smcdfscxo,Small Magellanic Cloud Deep Fields X-Ray Point Source Catalog
smcpscxmm,Small Magellanic Cloud XMM-Newton Point Source Catalog
smcradio,Small Magellanic Cloud ATCA Radio Continuum Sources
smcrosxray,ROSAT PSPC Survey of the Small Magellanic Cloud
smcrosxry2,ROSAT PSPC Catalog of SMC X-Ray Sources (Haberl et al.)
smcstars,SMC Probable Member Stars Catalog
smcstars2,SMC H-Alpha Emission Stars/Nebulae
smcwingcxo,Small Magellanic Cloud Wing Survey Chandra X-Ray Point Source Ca
smcxray,SMC X-Ray Discrete Sources
smmgrs,GRS Gamma-Ray Bursts
snrgreen,Green Catalog of Galactic SNRs (June 2017 Version)
spass2p3gh,S-PASS (S-Band Polarization All-Sky Survey) 2.3-GHz Source Catal
spicescxo,SPICES Lynx Field Chandra X-Ray Source Catalog
spidersros,SDSS-IV/SPIDERS ROSAT-Based X-Ray Point Source Spectroscopic Cat
spidersxmm,SDSS-IV/SPIDERS XMM-Based X-Ray Point Source Spectroscopic Catal
spitzmastr,Spitzer Space Telescope Observation Log
sporiabyso,Spitzer Survey of Orion A and B Molecular Clouds YSOs Catalog
sptmm87sd,South Pole Telescope 87-Square Degree Survey Millimeter Source C
sptszgalcl,South Pole Telescope-Sunyarv-Zeldovich (SPT-SZ) Survey Catalog
sptszspsc,South Pole Telescope Sunyaev-Zeldovich Survey Point Source Catal
ssa22cxo,SSA22 Field Chandra X-Ray Point Source Catalog
sss,Einstein SSS Spectra and Lightcurves
sssraw,Einstein SSS and MPC Raw Data
sterngrb,Stern et al. (2001) BATSE Gamma-Ray Burst Catalog
subpfclog,Subaru Prime Focus Camera (Suprime-Cam) Exposures Log
subtab,Subtables of  Vizier resources
sumss,Sydney University Molonglo Sky Survey (SUMSS) Source Catalog
suzakuwam,Suzaku Wide-Band All-Sky Monitor (WAM) Catalog of Event Lightcur
suzamaster,Suzaku Master Catalog
suzaxislog,Suzaku XIS Configuration Log
swbat105m,Swift-BAT 105-Month All-Sky Hard X-Ray Survey
swbat157m,Swift-BAT 157-Month All-Sky Hard X-Ray Survey
swbatagn60,Swift BAT 60-Month Survey of Active Galactic Nuclei Catalog
swbatmontr,Swift BAT Transient Monitoring Catalog
swbatsfxt,Swift BAT 100-Month Supergiant Fast X-Ray Transient Catalog
swif1swxrt,The Seven-Year Swift-XRT Point Source Catalog (1SWXRT)
swift2sxps,Swift-XRT Point Source Catalog (2SXPS)
swiftbalog,Swift BAT Instrument Log
swiftft,Swift Serendipitous Survey in Deep XRT GRB Fields (SwiftFT)
swiftgrb,Swift Gamma Ray Bursts Catalog
swiftguano,Swift Gamma-ray Urgent Archiver for Novel Opportunities (GUANO)
swiftmastr,Swift Master Catalog
swifttdrss,Swift TDRSS Messages
swiftuvlog,Swift UVOT Instrument Log
swiftxrlog,Swift XRT Instrument Log
swirecxo,Spitzer Wide-Area IR Extra-Galactic Survey Chandra X-Ray Sources
swirelhcxo,SWIRE/Chandra Lockman Hole Field X-Ray Source Catalog
swsdssqso,Swift Simultaneous UV, Optical, and X-Ray Observed Quasar Catalo
swuvotssc,Swift/UVOT Serendipitous Source Catalog, v1.1
swuvotssob,Swift/UVOT Serendipitous Source Catalog, v1.1: Observations IDs
swxcscat,Swift X-Ray Telescope Cluster Survey Catalog
swxcsoxid,Swift X-Ray Telescope Cluster Survey Cross-Correlation Catalog
swxrt1fgl,Swift XRT Counterparts to Unidentified 1FGL Sources
sxdscat,Subaru/XMM-Newton Deep Survey X-Ray Source List
symbiotics,Symbiotic Stars Catalog
sza31ghz,Sunyaev-Zeldovich Array 31-GHZ Radio Source Catalog
table_classes,Types of Vizier tables
tabledocs,Internal documentation for Xamin tables
tartarus,Tartarus: Reduced ASCA AGN Data (Version 3.1)
taurusxmm,Taurus Molecular Cloud XMM-Newton X-Ray Source Catalog
td1,TD1 Stellar Ultraviolet Fluxes Catalog
tevcat,TeV Gamma-Ray Source Catalog
texas,Texas Survey of Radio Sources at 365 MHz
tgs,EXOSAT TGS L and R Orders
tgs2,EXOSAT TGS Spectra and Lightcurves
tramisuboo,Two-Meter Radio Mini Survey (T-RaMiSu) of the Bootes Field
trifidcxo,Trifid Nebula (M 20) Chandra X-Ray Point Source Catalog
twodfqsoz,2dF QSO Redshift (2QZ) Survey
twomassrsc,2MASS Redshift Survey (2MRS) Catalog
twosigma,Einstein Two-Sigma Catalog
tycho2,Tycho-2 Catalog of the 2.5 Million Brightest Stars
uc7c151mhz,7C Catalog 151-MHz Survey Final Unified Source Catalog
ugc,Uppsala General Catalog of Galaxies
uhuru4,Uhuru Fourth (4U) Catalog
uit,Ultraviolet Imaging Telescope Near-UV Bright Objects Catalog
uitmaster,Ultraviolet Imaging Telescope Master Catalog
ulxngcat,Ultraluminous X-Ray Sources in Nearby Galaxies Catalog
ulxrbcat,Ultraluminous X-Ray Sources in External Galaxies Catalog
upprscoxmm,Upper Sco XMM-Newton X-Ray Point Source Catalog
uvotbscat,UVOT Bright Star Catalog
uvqs,UV-Bright Quasar Survey (UVQS) DR1 Catalog
uzc,Updated Zwicky Catalog
vela5b,Vela 5B All-Sky Monitor Lightcurves
verimaster,VERITAS Source Catalog
veroncat,Veron Catalog of Quasars & AGN, 13th Edition
vla23901p4,VLA A2390 Cluster of Galaxies 1.4-GHz Source Catalog
vla3701p4,VLA A370 Cluster of Galaxies 1.4-GHz Source Catalog
vla74mhzdp,VLA 74-MHz Deep High-Resolution Survey Source Catalog
vlacdfscat,VLA Survey of Chandra Deep Field South
vlacomacat,VLA Coma Cluster of Galaxies 1.4-GHz Source Catalog
vlacos324m,VLA-COSMOS Survey 324-MHz Continuum Source Catalog
vlacos3ghz,VLA-COSMOS 3-GHz Large Project Source Catalog
vlacosmjsc,VLA-COSMOS Project 1.4-GHz Joint Source Catalog
vlacosmos,VLA-COSMOS Large Project 1.4-GHz Source Catalog
vlacosxoid,VLA-COSMOS 3-GHz Large Project Multiwavelength Counterparts Cata
vlaecdfs1p4,VLA Extended-Chandra Deep Field-South 1.4-GHz Source Catalog
vlaecdfscls,VLA Extended-Chandra Deep Field-South Classification Catalog
vlaecdfsoi,VLA Extended-Chandra Deep Field-South 1.4-GHz Sources Opt/IR Cou
vlaen20cm,VLA ELAIS N1, N2, N3 Fields 20-cm Source Catalog
vlagbsoph,VLA Goulds Belt Survey Ophiuchus Complex Source Catalog
vlagbsori,VLA Goulds Belt Survey Orion Complex Source Catalog
vlagbsper,VLA Goulds Belt Survey Perseus Region Source Catalog
vlagbsser,VLA Goulds Belt Survey Serpens Region Source Catalog
vlagbstau,VLA Goulds Belt Survey Taurus-Auriga Complex Source Catalog
vlagoodsn,VLA GOODS-North Field 1.4-GHz Source Catalog
vlahdf20cm,VLA Hubble Deep Field 20-cm Source Catalog
vlalh1400m,VLA Lockman Hole 1400-MHz Radio Source Catalog
vlalhn3ghz,VLA Lockman Hole 3-GHz Radio Source Catalog
vlam311p4g,VLA M 31 1.4-GHz Source Catalog
vlam31325m,VLA M 31 325-MHz Source Catalog
vlanep,VLA 1.5-GHz North Ecliptic Pole Survey
vlaonccat,VLA Orion Nebula Cluster Compact Source Catalog
vlasdf20cm,VLA SWIRE Deep Field 20-cm Source Catalog
vlasdf90cm,VLA SWIRE Deep Field 90-cm Source Catalog
vlass821p4,VLA SDSS Stripe 82 Survey 1.4-GHz Source Catalog
vlasxdf1p4,VLA Subaru/XMM-Newton Deep Field 1.4-GHz Source Catalog
vlasxdfoid,VLA Subaru/XMM-Newton Deep Field 1.4-GHz Sources Optical/Near-IR
vlaxl325mh,VLA XMM Large Scale Structure Field 325-MHz Source Catalog
vlaxl74mhz,VLA XMM Large Scale Structure Field 74-MHz Source Catalog
vlssr,VLA Low-Frequency Sky Survey Redux Source Catalog
vlulxcat,Extremely Luminous X-Ray Source Candidates Catalog
vvds20cm,VLA-VIRMOS Deep Field 20-cm Source Catalog
w2ragncat,WISE/2MASS/RASS (W2R) AGN Sample Catalog
w40sfrcxo,W 40 Star-Forming Region Chandra X-Ray Point Source Catalog
wackerling,Wackerling Catalog of Early-Type Emission-Line Stars
warps,Wide Angle ROSAT Pointed Survey, First Phase (WARPS-I)
warps2,Wide Angle ROSAT Pointed Survey, Second Phase (WARPS-II) Cluster
wbhgp20cm,New Catalog of Compact 20cm Sources in the Galactic Plane
wbhgp6cm,New Catalog of Compact 6cm Sources in the Galactic Plane
wbl,WBL Poor Galaxy Clusters Catalog (White et al. 1999)
wblgalaxy,WBL Individual Galaxies Data Catalog (White et al. 1999)
wd1cxo,Westerlund 1 Chandra X-Ray Point Source Catalog
wds,Washington Double Star Catalog
wenss,Westerbork Northern Sky Survey
wfcpoint,ROSAT Archival WFC EUV Data
wgacat,ROSAT Catalog PSPC WGA Sources
wibrals,WISE Blazar-like Radio-Loud Source (WIBRaLS) Catalog
wisehspcat,2WHSP Catalog of High Synchrotron Peaked Blazars and Candidates
wish,Westerbork in the Southern Hemisphere (WISH) Source Catalog
wmapcmbfps,WMAP Nine-Year CMB-Free QVW Point Source Catalog
wmapitnpts,WMAP 7-Year Internal Templates and Needlets New Source Catalog
wmapptsrc,WMAP Nine-Year Five-Band Point Source Catalog
woodebcat,Wood Interacting Binaries Catalog
woolley,Woolley Catalog of Stars within 25 Parsecs
wrcat,The VIIth Catalog of Galactic Wolf-Rayet Stars
wsrt20anep,AKARI NEP WSRT 20-cm Source Catalog
wsrtgp,WSRT Galactic Plane Compact 327-MHz Source Catalog
xbootes,XBOOTES: NDWFS Bootes Field X-Ray Point Source Catalog
xbootesoid,XBOOTES: NDWFS Bootes Field Optical & Near IR Counterparts
xcopraw,Copernicus X-Ray Observations
xcs,XMM-Newton Cluster Survey Catalog, DR1 Version
xdeep2,DEEP2 Galaxy Redshift Survey Fields Chandra Point Source Catalog
xmdsvvds4s,XMM-Newton Medium Deep Survey/VIRMOS VLT Deep Survey 4-Sigma Cat
xmmao,XMM-Newton Accepted Targets
xmmatlas,XMM-Newton Survey Catalog in the Herschel-ATLAS Field
xmmbss,XMM-Newton Bright Serendipitous Survey
xmmbssagn,XMM-Newton Bright Serendipitous Survey: AGN X-Ray Spectral Prope
xmmcdfs210,XMM-Newton Deep Survey in the CDF-S 2-10 keV Source Catalog
xmmcdfs510,XMM-Newton Deep Survey in the CDF-S 5-10 keV Source Catalog
xmmcfrscat,XMM-Newton/Canada-France Redshift Survey Fields X-Ray Sources
xmmcfrsoid,XMM-Newton/Canada-France Redshift Survey Fields Optical Identifi
xmmcosmagn,XMM-COSMOS Catalog of X-Ray Selected Type 1 AGN
xmmcosmoid,XMM-COSMOS Catalog of Optical/IR Counterparts
xmmcosmos,XMM-Newton COSMOS X-Ray Point Source Catalog
xmmcphotz,XMM-Newton COSMOS (XMM-COSMOS) Survey Photometric Redshift Catal
xmmcty2agn,XMM-COSMOS X-Ray Selected Type-2 AGN
xmmgps,XMM-Newton Galactic Plane Survey - XGPS
xmmlss,XMM-Newton Large-Scale Structure X-Ray Source Catalog
xmmlss10ks,XMM-Newton Large-Scale Structure Uniform 10-ksec Exposure X-Ray
xmmlssclas,XMM-Newton Large-Scale Structure Optical Counterparts and Redshi
xmmlssdeep,XMM-Newton Large-Scale Structure Deep Full-Exposure X-Ray Source
xmmlssoid,XMM-Newton Large-Scale Structure Optical Identifications Catalog
xmmmaster,XMM-Newton Master Log & Public Archive
xmmobstars,XMM-Newton OB Stars Catalog
xmmomcat,XMM-Newton OM Object Catalog
xmmomcdfs,XMM-Newton Optical Monitor Chandra Deep Field-South UV Catalog
xmmomsuob,XMM-Newton Optical Monitor SUSS Catalog, v6.1: Observation IDs
xmmomsuss,XMM-Newton Optical Monitor Serendipitous UV Source Survey Catalo
xmmsdssgce,2XMMi/SDSS Galaxy Cluster Survey Extension
xmmsdssgcs,2XMMi/SDSS Galaxy Cluster Survey
xmmslewcln,XMM-Newton Slew Survey Clean Source Catalog, v3.0
xmmslewegs,XMM-Newton Slew Survey Extragalactic Sample
xmmslewful,XMM-Newton Slew Survey Full Source Catalog, v3.0
xmmssc,XMM-Newton Serendipitous Source Catalog (4XMM-DR14 Version)
xmmsscgps,XMM-Newton Survey Science Center Survey of the Galactic Plane
xmmssclwbd,XMM-Newton 2XMMi-DR3 Selected Source Detections Catalog
xmmssclwbs,XMM-Newton 2XMMi-DR3 Selected Source Classifications Catalog
xmmstack,XMM-Newton Serendipitous Source Catalog from Stacked Observation
xmmstackob,XMM-Newton Serendipitous Source Catalog from Stacked Observation
xmmt2flare,2XMM Flares Detected from Tycho-2 Stars
xmmvaragn,Ensemble X-Ray Variability of AGN in 2XMMi-DR3
xmmxassist,XMM-Newton XAssist Source List
xms,XMM-Newton Medium Sensitivity Survey (XMS) Source Catalog
xray,Master X-Ray Catalog
xrayselbll,X-Ray Selected BL Lac Objects Catalog
xrbcat,X-Ray Binaries Catalog
xrismmastr,XRISM Master Catalog
xshzagncxo,X-Ray Selected High-z AGN Catalog
xteao,XTE Proposal Info & Abstracts
xteasmlong,XTE All-Sky Monitor Long-Term Observed Sources
xteassagn,XTE All-Sky Slew Survey AGN Catalog
xteasscat,XTE All-Sky Slew Survey Catalog
xteindex,XTE Target Index Catalog
xtemaster,XTE Master Catalog
xtemlcat,XTE Mission-Long Source Catalog
xteslew,XTE Archived Public Slew Data
xwas,XMM-Newton Wide Angle Survey
zcat,CfA Redshift Catalog (June 1995 Version)
zwclusters,Zwicky Clusters
zzbib,METADATA: Bibliography Codes
MASTER_TABLE.indexview,View of metainfo table data as table
MASTER_TABLE.pos_big,Position only queries, > 1 degree FOV
MASTER_TABLE.pos_small,Position only queries, <= 1 degree FOV
MASTER_TABLE.pos_time_big,Position/time  queries, > 1 degree FOV
MASTER_TABLE.pos_time_small,Position/time queries, <= 1 degree FOV
MASTER_TABLE.time,Time only queries
